prompt,response,originality,elaboration
brick,mobile device stand,2,
brick,cooking hot plate,3,
brick,chair legs,1,
brick,megaphone,3,
brick,rustic garden border,1.5,
brick,light switch cover,3,
brick,play lego/jenga,2,
brick,sword,3,
brick,laying wall,1,
brick,pizza stone,2,
brick,urban art canvas,3,
brick,riot,1,
brick,art installation,2,
brick,tower,1,
brick,brown,1,
brick,make sidewalk,1,
brick,make wall,1,
brick,get nuts small,1.4,
brick,crumbling brickwork,1,
brick,building chair,1,
brick,shred,2,
brick,chop,2,
brick,crush insects,2,
brick,make garden,1,
brick,experiment melting to clay,3,
brick,decorative centerpiece,2,
brick,pole,1,
brick,typographical term,2,
brick,minecraft game,2,
brick,pendant,3,
brick,patio pavers,1,
brick,packing,1,
brick,make noise,2,
brick,room,1,
brick,erosion control,1,
brick,igloo,1,
brick,creating sculptures,2,
brick,tabletop fire pit,2,
brick,self-defense,1,
brick,flower press,2,
brick,cudgel,2,
brick,tie feet to make shoes,1.4,
brick,garden decor,1,
brick,kitchenware,2,
brick,hot,1,
brick,end table,2,
brick,lay ground,1,
brick,crack walnut,2,
brick,arm support,2,
brick,break lock,1,
brick,flowerbox,2,
brick,balcony privacy stack,1.7,
brick,noun,1,
brick,footrest,1.7,
brick,increase chair,1,
brick,decorative garden marker,1.8,
brick,weight support for car wheels,1,
brick,rubble,1,
brick,toy for chimpanzees,2,
brick,filing nails,3,
brick,bee hive,3,
brick,writing desk,3,
brick,firewood storage,2,
brick,fix wobbly table,1,
brick,structure,1,
brick,decorate room,2,
brick,telephone stand,2,
brick,prop for dance,2,
brick,sound barrier,2,
brick,ramp,1,
brick,gate,1,
brick,construct barbecue,1,
brick,heartshaped decoration,2,
brick,napkin holder,3,
brick,throwing game,2,
brick,hollow into a light,3,
brick,pathway marker,1,
brick,weight for balloons,2,
brick,personify as mascot,3,
brick,lay street,1,
brick,picture frame anchor,2,
brick,shovel,2,
brick,pizza,1.4,
brick,flowerpot stand,2,
brick,rustic serving platter,3,
brick,shelving,2,
brick,building wall,1,
brick,flower vase,2,
brick,grind food,3,
brick,mosaic tile,2,
brick,steampunk gear,3,
brick,mold,1,
brick,carry,1,
brick,exhibit,2,
brick,wheel support,1,
brick,hollow out into vase,3,
brick,killing pests,1,
brick,grind to gravel,2,
brick,soccer goal,2,
brick,make pit,1,
brick,hammering,1.5,
brick,throw ball,1,
brick,mailboxholder,1,
brick,exercise weight,1.5,
brick,brickandmortar church,1,
brick,fireplace,1,
brick,lift,1,
brick,shelves,2,
brick,drop,1,
brick,foundation structures,1,
brick,melt,2,
brick,charm,2,
brick,alarm sound,2,
brick,weight for speed hill descent,2,
brick,make bed,2,
brick,border,1,
brick,wall decoration,1,
brick,pestle grinding,2,
brick,basketball,1.4,
brick,abacus for children,4,
brick,floor,1,
brick,ladder,1,
brick,keychain,2,
brick,message board,3,
brick,decorative art,2,
brick,campfire cooking surface,2,
brick,game board,3,
brick,build fireplace,1,
brick,nylon cord anchor,3,
brick,weight against wind for tablecloth,2,
brick,constructing fences,1,
brick,build table,1,
brick,spatula,3,
brick,brickpaved alleyways,1,
brick,snowball,2,
brick,scrub,2,
brick,historic preservation,2,
brick,bird feeder,3,
brick,test weighing scale,3,
brick,make jewelry,2,
brick,hot compress,3,
brick,interior design,2,
brick,candle,3,
brick,warehouse,1,
brick,window prop,1,
brick,book cover,2,
brick,build cupboard,1,
brick,stepping,1,
brick,brickandmortar restaurant,1,
brick,snow,1,
brick,heat storage,3,
brick,archeology and history,1,
brick,paper holder,2,
brick,build chair,1,
brick,fire pit material,1,
brick,lane,1,
brick,smashing competition game,2,
brick,scratch and write,2,
brick,music drums,2,
brick,chicken coop base,2,
brick,cell phone case,2,
brick,paper brickmaking craft,2,
brick,doorway,1,
brick,outdoor coaster,2,
brick,landscape design,1,
brick,bbq station,2,
brick,fence,1,
brick,homemade forge base,3,
brick,tie shoes game,1.4,
brick,support photo frame,2,
brick,garden decoration,1,
brick,noisemaker,2,
brick,stress ball,3,
brick,chalk surface,3,
brick,photo frame,3,
brick,interior,1,
brick,window draft stopper,1,
brick,gas,1.4,
brick,build cellar,1,
brick,mark parking spot,1,
brick,bbq,2,
brick,help make snowman,2,
brick,sit up,1,
brick,crafty candle holder,3,
brick,straighten hair,3,
brick,crumble,1,
brick,fishing,2,
brick,dry leaves,2,
brick,cold frame base,2,
brick,play game of toss,1,
brick,minimalist desk organizer,3,
brick,testing ice thickness,2,
brick,build pet cage,1,
brick,fish tank,3,
brick,flower bed border,1.5,
brick,construction market,1,
brick,forming decorative accents,1.7,
brick,paperfoldingaid,3,
brick,baked stone,1,
brick,substrate,2,
brick,fireplaceblock,1,
brick,make fire pit  safe place campfire,1,
brick,ocarina,3,
brick,slippers,2,
brick,lift weight,1,
brick,stepping stool,1,
brick,open hearth,2,
brick,gift,2,
brick,"ruler, make straight line",2,
brick,making dam,1,
brick,bbq pit,2,
brick,brickandmortar hotel,1,
brick,time marker,2,
brick,village,1,
brick,building street,1,
brick,break want broken,1,
brick,drainage solution,2,
brick,home decor item,1,
brick,cover weeds,2,
brick,build birdhouse,1,
brick,outdoor pathway,1,
brick,"swimming weight, sink in water",2,
brick,play dominoes,2,
brick,bench/seat,1,
brick,specifications ,1,
brick,excuse,2,
brick,coin,2,
brick,art sculpture material,2,
brick,improvised workout weights,1.5,
brick,desktop organizer,3,
brick,outdoor bench,1,
brick,barbecue pit,2,
brick,throw with message,2,
brick,cover with tape,2,
brick,stress test object,2,
brick,paper letter organizer classroom,2,
brick,weights workout,1,
brick,fire engine,1,
brick,medieval weapon,1,
brick,toothbrush holder,3,
brick,tetris game real life,3,
brick,model,2,
brick,flatten paper,2,
brick,pulley balance,2,
brick,bank,1,
brick,statue holder,2,
brick,brickandmortar office building,1,
brick,computer key,3,
brick,flatten,1,
brick,bed for mouse,3,
brick,toy for animal,2,
brick,unconventional pie weight,2,
brick,marbles,2,
brick,sandcastle,2,
brick,weight support for car,1,
brick,heat retention smoker,3,
brick,animal bedding,3,
brick,paper coaster,2,
brick,break nut,2,
brick,staircase,1,
brick,placemat,2,
brick,diving board,3,
brick,weight against wind for tent,1.5,
brick,break window,1,
brick,door stop,1,
brick,stamping tool,2,
brick,scratch wall,2,
brick,rustic soap dish,3,
brick,dominoes,2,
brick,landscaping,1,
brick,paper sculpture,3,
brick,carve text drawings,2,
brick,photo frame holder,3,
brick,dam,1,
brick,bench support,1,
brick,paper journal,3,
brick,planting,1,
brick,fireplace surroundment,1,
brick,unit weight,1,
brick,bookshelves,2,
brick,wall mosaic,2,
brick,smash egg,2,
brick,bang noise warning signal,3,
brick,desk organizer weight,2,
brick,make building,1,
brick,historical display,2,
brick,water feature surround,2,
brick,stone pizza oven,2,
brick,carve image,2,
brick,constructing walls planting,1,
brick,outdoor art installation,2,
brick,grater,3,
brick,lizard basking spot,3,
brick,paper craft,2,
brick,decorative wall hanging,1,
brick,make tv cabinet,2,
brick,personify as pet,3,
brick,paper shredder,3,
brick,store,1,
brick,make higher,1,
brick,paperweight pen,2,
brick,window breaker emergencies,1.5,
brick,build nursing home,1,
brick,block water,1,
brick,break stones,1,
brick,pencil holder,2,
brick,plants,2,
brick,tools,1,
brick,outdoor furniture leg,1,
brick,direction marking,1,
brick,telephone,1.4,
brick,solar panel,3,
brick,catch animals,2,
brick,phone support,2,
brick,cheese,3,
brick,outdoor storage,2,
brick,level,1,
brick,hut,1,
brick,lampshade,3,
brick,destroy wall,1,
brick,weighing tool,1.5,
brick,improvised weapon,1,
brick,decorative wall panels,1,
brick,stepraiser,1,
brick,reinforce riverbank,1.5,
brick,food smoker stabilizer,3,
brick,live in it,1.4,
brick,roofing tile,1,
brick,wall planter,2,
brick,build shed,1,
brick,throw to ground,1,
brick,stop,1,
brick,outdoor tictactoe piece,3,
brick,stepping stone,1,
brick,drainage layer planter,2,
brick,brickshaped paperweight,1,
brick,paper stamp,3,
brick,kitchen stool,2,
brick,cold heat storage,3,
brick,frisbee,3,
brick,laying sidewalk,1,
brick,step stool to reach high,1,
brick,lay tiles,1,
brick,balancing tool photography,3,
brick,history,1,
brick,ballast weight,1.5,
brick,fake gift,3,
brick,stone stairs,1,
brick,steampunk prop,2.5,
brick,tennis racket,3,
brick,violence,1,
brick,bedside stub,2,
brick,raised bed,1,
brick,beer opener,3,
brick,open bottle,3,
brick,necklace,2,
brick,brickandmortar warehouse,1,
brick,decorative fence,1,
brick,exercise,1,
brick,repair house,1,
brick,compost activator,3,
brick,kicking ball game,2,
brick,sheld,1,
brick,pathway material,1,
brick,armrest,2,
brick,vr headset,3,
brick,homemade furnace,2,
brick,hotel,1,
brick,architectural element,1,
brick,press buttons during corona,3,
brick,podium or stage,2,
brick,rustic serving tray,3,
brick,rubbing stone,2,
brick,paperholder,1.5,
brick,book end,1,
brick,building bee habitats,3,
brick,fireplace wall,1,
brick,miniature bookshelf,3,
brick,water tool,2,
brick,flatten wrinkled paper,2,
brick,art/sculpture,2,
brick,make sound for music and movies,3,
brick,planter raise,2,
brick,target practice,2,
brick,flattener,2,
brick,step stone,1,
brick,measure gravity ,3,
brick,headstone,1,
brick,terrace border,1,
brick,unconventional jewelry display,3,
brick,paths,1,
brick,hollow into a bed for hamster,3,
brick,chalk holder,3,
brick,dig,1,
brick,fortification,1,
brick,carpentry,2,
brick,shoe wiper,2,
brick,decorative wall panel,1,
brick,building pizza ovens,1.5,
brick,draw and colour,2,
brick,drainage layer,2,
brick,step exercise,2,
brick,snowman,2,
brick,red,1,
brick,natural insect repellent,3,
brick,"worship, personify as god",3,
brick,weight balloon anchors,2,
brick,ledge,1,
brick,laptop holder,2,
brick,hollow into a planter,3,
brick,send to space to show aliens how humans make buildings,3,
brick,music instrument,3,
brick,adjust sail position,3,
brick,veneer accent wall,2,
brick,break into pebbles,1,
brick,weight training dumbbell,1.5,
brick,phone holder,2,
brick,trivets,2,
brick,lining fountains ponds,1.7,
brick,colour paint,2,
brick,ornaments,2,
brick,warning signal,2,
brick,sound,2,
brick,prop for play,2,
brick,imaging,1,
brick,flower pot,2,
brick,homemade oven,2,
brick,cook,2,
brick,snow shoes,2,
brick,cheese platter,3,
brick,metaphor for support,2,
brick,water feature,2,
brick,create seating,1.5,
brick,breaking window,1,
brick,build garden shed,1,
brick,ball sport,2,
brick,bowling pins,2,
brick,throw ground,1,
brick,seating area,1,
brick,red colour streaks,2,
brick,pathway pavers,1,
brick,write a poem about it,2,
brick,paint art,2,
brick,fetch game for dog,3,
brick,weight support for wheels,1,
brick,dominoes ,2,
brick,bullet,1.4,
brick,unit measurement,2,
brick,make stepping stones,1,
brick,skateboard,2,
brick,keep door open,1,
brick,paints art,2,
brick,wall divider,1,
brick,paint palette,3,
brick,edging patio,1,
brick,build theater,1,
brick,spoon,3,
brick,baking brick,2,
brick,hit together,1,
brick,play,1.4,
brick,crush,2,
brick,creating lines,1.7,
brick,kill spider,2,
brick,stacked walls,1,
brick,support weight for wheels,1,
brick,tennis ball,1.4,
brick,write engrave,2,
brick,stove in sun,2,
brick,filter,3,
brick,smashing garlic spices,3,
brick,outdoor art projects,2,
brick,weathered photo background,2,
brick,"scaring, distracting",2,
brick,forming decorative elements,2,
brick,fill in hole in wall,1,
brick,filling,1,
brick,brickandmortar bank,2,
brick,sculpting medium,2,
brick,kill insects,2,
brick,mirror frame,3,
brick,paper diorama,3,
brick,make decoration,1,
brick,sculpture material,2,
brick,weight against wind for balloons,2,
brick,shelter reptiles,2.5,
brick,laying handkerchief,2,
brick,throwing police,1,
brick,shelter for insects,2,
brick,ground,1,
brick,weight workouts,1,
brick,birdbath,2,
brick,mould,1,
brick,shovel to dig,2,
brick,water conservation tool while flushing,3,
brick,making fire pits,1,
brick,rustic centerpiece,2,
brick,bbq grill,2,
brick,weight bicep curls,1,
brick,throwing weapon,1,
brick,making planters,1.7,
brick,cave,1.7,
brick,mouse trap weight,3,
brick,build path,1,
brick,substitute percussion instrument,3,
brick,furniture raiser,1,
brick,chimney,1,
brick,step stool,1,
brick,build bunker,1,
brick,standard candles place larger candles,3,
brick,pulverize,2,
brick,puzzle piece,3,
brick,earring,3,
brick,book support,1,
brick,facade,1,
brick,bookcase,2,
brick,art material,2,
brick,curb,1,
brick,fireplace divider,1,
brick,survival tool,2,
brick,animal shelters,2,
brick,"weight for balance, seesaw",2,
brick,build villa,1,
brick,layer,1,
brick,stone grill,2,
brick,protect campfire from wind,2,
brick,toilet seat,2,
brick,posture correction,3,
brick,fill well,1,
brick,drill weight,2,
brick,stool,1.7,
brick,photograph,2,
brick,building shops,1,
brick,outdoor table leg,1,
brick,anchoring helium balloons,3,
brick,hide clothes,2,
brick,cover hole,1,
brick,weight lifting,1,
brick,house foundation,1,
brick,catapult,2,
brick,oven thermometer,3,
brick,fireplace lining,1,
brick,file,1,
brick,sound insulation,2,
brick,knife sharpener,3,
brick,modular furniture,2,
brick,decorative wall,1,
brick,build vault,1,
brick,art installation piece,2,
brick,patio edging,1,
brick,cable management weight,3,
brick,tablecloth anchor,2,
brick,punch,1,
brick,maze,2,
brick,grill platform,2,
brick,stage,1,
brick,decorative sculpture,2,
brick,press,1,
brick,mnemonic for memory,3,
brick,outdoor art,2,
brick,pond surround,2,
brick,toy for children,2,
brick,medal,2,
brick,fireplaces,1,
brick,detergent,2,
brick,mold clay,2,
brick,sculpting material,2,
brick,world,1,
brick,make planter,2,
brick,gym equipment,2,
brick,"spread sand evenly, level",2,
brick,rebuild,1,
brick,measure weight,2,
brick,back support,1.7,
brick,goal post,2,
brick,hole in window,1,
brick,smashing garlic,2,
brick,plant protection,1.5,
brick,cooling element,3,
brick,lego,2,
brick,outdoor chess piece,3,
brick,brush,2,
brick,drainage material,1.5,
brick,grill base,2,
brick,outdoor fireplace,1,
brick,sculpt,2,
brick,soap holder,2,
brick,level ground,1,
brick,yoga block,2,
brick,measure,2,
brick,gun component,2,
brick,primitive mortar pestle,3,
brick,carving statue,2,
brick,switch on phone,1.4,
brick,part fireplace,1,
brick,baking stone,2,
brick,unique paint palette,3,
brick,art supplies,2,
brick,garden bench,1,
brick,cold frame builder,2,
brick,phone case,2,
brick,bricklaying construction,1,
brick,cutting,2,
brick,picture frame stand,3,
brick,design,2,
brick,destroy nails,1,
brick,castle,1,
brick,counterweight,1.5,
brick,heat block,1,
brick,steps,1,
brick,historical teaching tool,3,
brick,build office,1,
brick,brake weight for wheel,1.5,
brick,lay sidewalk,1,
brick,make sofa,2,
brick,weight pressing,1,
brick,clay composition,1,
brick,barrier,1,
brick,flatten clay,2,
brick,cuddle toy,3,
brick,steampunk jewelry,3,
brick,push,1,
brick,craft project base,2,
brick,build roof,1,
brick,hope,1,
brick,patio design,1,
brick,break to pieces,1,
brick,shelter,1,
brick,pizza ovens,2,
brick,decorativeitem,1,
brick,trade,1,
brick,road border,1,
brick,steamer lobster,3,
brick,cold frame anchor,2,
brick,coat hanger base,3,
brick,driveway,1,
brick,koi pond border,2,
brick,birdhouse base,2,
brick,bookmark,3,
brick,hammer substitute,2,
brick,ball,1,
brick,break wine bottles,2,
brick,hack,1,
brick,cold frame foundation,1,
brick,cable management,3,
brick,car increase,1,
brick,walkway paving,1,
brick,trail,1,
brick,colorful mosaic tile,2,
brick,brake pad,1.5,
brick,tabletop press,2,
brick,calculator stand,3,
brick,cracking nuts,2,
brick,step reaching,1,
brick,play game,1.4,
brick,picture frame base,2,
brick,balancing agent,2,
brick,rock paper scissors game,3,
brick,stack,1,
brick,brickbats,2,
brick,room accessory,1,
brick,decorative mosaic,2,
brick,test paint,2,
brick,beverage chiller,3,
brick,food press,3,
brick,foot warmer,2,
brick,make well,1,
brick,plant pot holder,2,
brick,smash window in emergency,1,
brick,grinder,2,
brick,elevation for getting tall,1,
brick,tie feet,1,
brick,bench construction,1,
brick,furniture elevation,1,
brick,stepping stools,1,
brick,heating element for oven,3,
brick,desk paperweight,1,
brick,heavy,1,
brick,road construction,1,
brick,adjective,1,
brick,miniature construction material,1,
brick,mouse pad,3,
brick,beehive,3,
brick,washboard,2,
brick,foot scrubber,3,
brick,paint,2,
brick,oven insulation,2,
brick,building retaining walls,1,
brick,community centers,1,
brick,reach something high by throwing,1.7,
brick,press meat,2,
brick,sharpen twig,3,
brick,wall hook anchor,2,
brick,engraving name,2,
brick,bump toe,1,
brick,construction work,1,
brick,build well,1,
brick,dolls,1.4,
brick,make steps,1,
brick,building ruins model landscapes,1,
brick,clean snow from shoes,2,
brick,lay garden,1,
brick,cracking coconuts,2,
brick,house number display,2,
brick,building streets,1,
brick,bob builder,1,
brick,snakes ladders piece,3,
brick,step,1,
brick,animal shelter,2,
brick,trophy,3,
brick,accent wall,1,
brick,art projects,2,
brick,paper model,3,
brick,art,2,
brick,stars,1.4,
brick,traction device tires,2,
brick,floor tile,1,
brick,garden sculpture,2,
brick,crush grapes and make wine,3,
brick,water depth estimator,3,
brick,baseball,1,
brick,brand name,2,
brick,shelf bracket,2,
brick,sharpening stone,3,
brick,creating soundproofing,2,
brick,throw from tree,1,
brick,make door,1,
brick,drawer,3,
brick,warming plate,3,
brick,bury,1,
brick,grind,2,
brick,grind herbs,3,
brick,sink in water by tying,2,
brick,furniture elevator,2,
brick,tray table,2,
brick,put,1,
brick,building garden house,1,
brick,home decoration,1,
brick,grinding,2,
brick,back yard,1,
brick,firepit,1,
brick,leave flower pot higher,1.7,
brick,flat,1,
brick,bookshelf,2,
brick,balcony,1,
brick,nameplate,3,
brick,puzzle,3,
brick,impromptu step stool,1.5,
brick,home décor,2,
brick,throw in riot,1,
brick,magnetic board,3,
brick,keep book open,2,
brick,child seat,1.7,
brick,fireproof safe,2,
brick,cover/close,1,
brick,toy phone,3,
brick,hot pack,3,
brick,tofu press,3,
brick,elevation ramp,1,
brick,furnace,1.7,
brick,chalkboarderaser,3,
brick,barbecue,2,
brick,furniture height increase,2,
brick,hiking training,2,
brick,microwave,3,
brick,base lamp,2,
brick,vases,2,
brick,pie crust weight,2,
brick,organiser,2,
brick,stabilize heavy object wobbling placing underneath,1,
brick,stress relief toy,2,
brick,outdoor step,1,
brick,kitchen backsplash,2,
brick,building blocks,1,
brick,joy,1,
brick,succulent planter,3,
brick,weight for throwing rope,2,
brick,stack turn table,2,
brick,shooting,1.4,
brick,scrape,2,
brick,chair leg,1,
brick,abrasive,2,
brick,building ruins school projects,1,
brick,cage enrichment,3,
brick,smoker,1.4,
brick,sole for shoe,2,
brick,check if straight,2,
brick,stuff fabric to make doll,3,
brick,skateboard ramp,2,
brick,boundary marker,1,
brick,cellphone stand,2,
brick,build retaining wall,1,
brick,molding,1,
brick,step reaching high,1,
brick,increase bed,1.7,
brick,print paints,2,
brick,paint brush,3,
brick,chalkboard,3,
brick,door leg,1,
brick,pressing tofu cheese,3,
brick,impromptu trivet,2,
brick,rolling pin,3,
brick,door knock,1,
brick,pathway pavement,1,
brick,higher education university,3,
brick,keystone,2,
brick,paint place decoration,2,
brick,seats cushioning,1.7,
brick,driveways,1,
brick,wall anchor,1,
brick,hiding place for key,3,
brick,fire starter,1.5,
brick,outdoor kitchen,1,
brick,defensive wall,1,
brick,firewood holder,2,
brick,buikd,1,
brick,brickbuilt bookshelf,2,
brick,weight support against rolling,1,
brick,close gap,1,
brick,make seat,1,
brick,well cover,1,
brick,create blocks,1,
brick,hollow out into container,3,
brick,hand warmer,2,
brick,cell phone stand,2,
brick,drown,2,
brick,plant stand,2,
brick,rain,1,
brick,dollhouse,3,
brick,personify as human,3,
brick,colors paints,2,
brick,curd storage,3,
brick,mailboxbase,1,
brick,plant holder,1.5,
brick,artwork,2,
brick,picture frame support,2,
brick,unconventional pet bowl,3,
brick,bury ,1,
brick,bracelet,2,
brick,"drown, sink in water",2,
brick,build oven,1,
brick,tiling,1,
brick,making outdoor furniture,1,
brick,weight against wind for paper,1,
brick,building castle,1,
brick,paintingdrawing,2,
brick,build birdbath,1,
brick,make side table,2,
brick,gamepiece,2,
brick,mortar,1,
brick,war memorial,1,
brick,book,1,
brick,chair booster,1.7,
brick,fort,1,
brick,photo display,3,
brick,brickbuilt chimney,1,
brick,sidewalk,1,
brick,weapon game,1.7,
brick,rhythm beats,3,
brick,build trap,1,
brick,giant jenga block,3,
brick,computer component,3,
brick,tablecloth weight,2,
brick,pathway paver,1,
brick,ping pong bat,3,
brick,paper mache,2,
brick,traffic,1,
brick,compost bin base,2.5,
brick,unusual planter,2,
brick,fermentation weight,3,
brick,making patterns,2,
brick,jewelry display stand,3,
brick,foot scraper,2,
brick,shingle,2,
brick,wine cellar,2,
brick,crush garlic,3,
brick,unpack,1.4,
brick,decorative bookshelf,2,
brick,raised beds vegetables,1,
brick,pot stand,1.5,
brick,primitive tool,1,
brick,rectangle stencil for outline,3,
brick,hood ornament,3,
brick,paving,1,
brick,heat to fry egg,2,
brick,balance,1,
brick,makeshift trivet,2,
brick,aquarium decoration,3,
brick,building chimneys,1,
brick,ice cream,1.4,
brick,letter organizer,3,
brick,bread baker,3,
brick,stamp,2,
brick,cannon ball,2,
brick,insect home,3,
brick,personify as doll,3,
brick,punching bag,2,
brick,intimidate/threaten,1,
brick,furniture making,1,
brick,rustic coaster,2,
brick,abacus,4,
brick,anchoring balloon,2,
brick,sidewalk chalk drawing,3,
brick,mini shelf,2,
brick,play game toy,2,
brick,weight against dog escape,1.7,
brick,umbrella holder,2,
brick,repair,1,
brick,fire circle,1,
brick,fire safety,1,
brick,yoga weight,2,
brick,dig holeburrow,1,
brick,weight against wind,1,
brick,painting easter eggs,3,
brick,brickandmortar concert hall,2,
brick,throw in anger,1,
brick,fireplace decor,1,
brick,foot stool,1.7,
brick,weight to prevent slipping,1,
brick,gold,2,
brick,wall hanger,2,
brick,pet chew toy,3,
brick,edging flower beds,1,
brick,make smaller,1,
brick,help remove car wheels in snow,2,
brick,paper weight,1,
brick,campfire demarcation,2,
brick,painting canvas,2,
brick,anchoring tent,1.5,
brick,brickbuilt oven,1,
brick,abstract art,3,
brick,build staircase,1,
brick,decorative accents,2,
brick,cold frame gardening,2,
brick,solar clock,3,
brick,garden path marker,1,
brick,toy block,1,
brick,doorstop,1,
brick,build skyscraper,1,
brick,letter holder,2,
brick,bottle stopper,3,
brick,paving stones,1,
brick,bang on wall,1,
brick,stepping stone path,1,
brick,yoga,2,
brick,carve message,2,
brick,bury in garden,1,
brick,weight training,1,
brick,shelf,1.7,
brick,learn geometry,2,
brick,heat therapy,3,
brick,canvas paint,2,
brick,compass,3,
brick,voting booth,3,
brick,badminton,1.4,
brick,bbq base,1.5,
brick,decorative exterior,1,
brick,threat,1,
brick,brown color,1,
brick,tombstone,1,
brick,elevation plant pots,2,
brick,pack,1,
brick,bat,2,
brick,building ruins models,1,
brick,sun protection,2,
brick,cooking weight,2,
brick,juice,1.4,
brick,calibration weight,2,
brick,ring,2,
brick,dice,3,
brick,decorative garden path,1,
brick,hide key,2,
brick,piano,3,
brick,wine rack,3,
brick,break stuff,1,
brick,water fountain base,2,
brick,art ,2,
brick,terrace,1,
brick,measuring point,2,
brick,pot plants stands,2,
brick,make heavy,1,
brick,build dam,1,
brick,mural,2,
brick,mop,2,
brick,bulletproofing,1,
brick,building furniture,1,
brick,making garage,1,
brick,building stairs,1,
brick,hide game,2,
brick,university,1,
brick,brake weight for car,1,
brick,tactile test experiment,3,
brick,flats,1,
brick,stamp ,2,
brick,making bridge,1,
brick,creating garden paths,1,
brick,temporary driveway marker,1,
brick,simile,2,
brick,throwing object,1,
brick,build climbing frame,1,
brick,pie weight,2,
brick,paving stone,1,
brick,architect,1,
brick,scratch,2,
brick,make cellar,1,
brick,drill press base,3,
brick,educating children on volume of shapes,3,
brick,barbell,1.5,
brick,art work,2,
brick,decorative border,1,
brick,projects,1,
brick,wall,1,
brick,object chess,3,
brick,paperweight set,1,
brick,booster,2,
brick,brickandmortar theater,2,
brick,weight against wind for blanket,1.7,
brick,smash and flatten,1,
brick,antiburglar weapon,1,
brick,boot scraper,2,
brick,face mask,3,
brick,build walkway,1,
brick,break to make mosaic,2,
brick,plant hanger,2,
brick,temporary car jack support,2,
brick,oven floor protector,2,
brick,"fireplace, warmer",1,
brick,reduce available space,1,
brick,"block pets, fence boundary",1,
brick,wall material,1,
brick,window deterrent,1,
brick,benchmark,2,
brick,bomb,2,
brick,hot massage,3,
brick,lifting weights,1,
brick,weight distributor,1.5,
brick,chalk,2,
brick,weightlifting,1.5,
brick,fashion accessory,2,
brick,garden marker,2,
brick,smash cocaine,2,
brick,outdoor grill,2,
brick,sell,1,
brick,brickandmortar apartment building,1,
brick,make partitions,1,
brick,sponge for showering,3,
brick,unconscious in anasthesia,3,
brick,columns,1,
brick,decor,1.5,
brick,post apocalyptic currency,3,
brick,stop door,1,
brick,flowerpot,2,
brick,write on stone,1,
brick,make clay,2,
brick,deskorganizer,2,
brick,scratching cars,2,
brick,art canvas,3,
brick,primary school,1,
brick,elevation furniture,1,
brick,chop soil,2,
brick,ornament,2,
brick,build fire pit,1,
brick,table,1.7,
brick,ruler,3,
brick,open safe,2,
brick,weight for sail,2,
brick,running weight challenge,2,
brick,modern art,2,
brick,telescope,3,
brick,paper sheet,2,
brick,sculptural element,2,
brick,signpost,1,
brick,sharpen knife,3,
brick,decorative bookshelf support,2,
brick,lamp,2,
brick,block leakage,2,
brick,decorative garden step,1,
brick,grill riser,2,
brick,break glass in emergency ,1,
brick,outdoor tables,1.7,
brick,walkway edging,1,
brick,raised vegetable garden,1.7,
brick,memory of a mountain,3,
brick,splash generator,3,
brick,filing teeth,3,
brick,stencil for shape outline,3,
brick,trap/block ants,2,
brick,destroy floor,1,
brick,crane weight,1,
brick,outdoor seating,1,
brick,break glass window,1,
brick,robot,3,
brick,structural decoration,1,
brick,fitness,1,
brick,kill mosquito,2,
brick,vegetable planter,2,
brick,building block toy,2,
brick,garden bed,1,
brick,build,1,
brick,break glass,1,
brick,fight,1,
brick,chesspiece,3,
brick,path edging,1,
brick,piggy bank,3,
brick,life,1,
brick,window opener,1,
brick,tool breaking,1,
brick,marker,2,
brick,making sidewalk,1,
brick,paper decoration,2,
brick,build street,1,
brick,outdoor game,2,
brick,grill raiser,2,
brick,dark,1,
brick,sculpture,2,
brick,jump over ,2,
brick,play area edging,1,
brick,patio decoration,1,
brick,coaster,2,
brick,keychains,2,
brick,beehive base,3,
brick,windshield,1.7,
brick,mobile phone,3,
brick,tie feet to make stilts,2,
brick,cup song,3,
brick,tiles mosaics,2,
brick,skippingstone,2,
brick,barbeques,2,
brick,sculpture base,2,
brick,fake nails,3,
brick,ornamental inlay,2,
brick,compost bin,3,
brick,manslaughter,1,
brick,stepping stone mold,1.5,
brick,garden path maker,1,
brick,photo frame support,2,
brick,outdoor sculpture,2,
brick,flower bed edging,1.5,
brick,increase,1,
brick,time capsule,3,
brick,break into stones,1,
brick,barbecue grill,2,
brick,steampunk decoration,2.5,
brick,decorate fireplace,1,
brick,makeshift weapon,1,
brick,make chair,1,
brick,crack nuts,2,
brick,fake extra volume,2,
brick,sleeping,1.4,
brick,house exterior,1,
brick,building chimney,1,
brick,build fountain,1,
brick,statue,2,
brick,pet bed,3,
brick,countwrite,1.4,
brick,pavements,1,
brick,laying street,1,
brick,edging flowerbeds,1,
brick,spell words,2,
brick,smashing s head,1,
brick,siding,1,
brick,window security,1,
brick,song beats,3,
brick,lift and carry items,1,
brick,play football,1.5,
brick,tables,1.7,
brick,bookkeeping,2,
brick,paper layer,1,
brick,impromptu stool,1.5,
brick,exchange,1,
brick,knowledge,2,
brick,fire pit,1,
brick,hard seat support,2,
brick,measurement,2,
brick,handball,2,
brick,rustic photo frame,3,
brick,weight support against rolling down a slope,1,
brick,view with different light,2,
brick,throwing window,1,
brick,weapon selfdefense,1,
brick,fireplace hearth,1,
brick,make tables higher,1.7,
brick,throwable,1,
brick,baseball ball,1.7,
brick,tabletop building block,1,
brick,weighing pickles,2,
brick,stabilization,1,
brick,heel counter,2,
brick,obstacle,1,
brick,fire pit construction,1,
brick,historic teaching tool,3,
brick,sculpture element,2,
brick,plant container,2,
brick,pavement,1,
brick,cheese board,3,
brick,oven heat source,2,
brick,fish,1.4,
brick,callisthenics weight,2,
brick,paper wrap,2,
brick,incense burner base,3,
brick,beveled edge,2,
brick,sign,1,
brick,build room,1,
brick,chase away pigeons,2,
brick,sofa,2,
brick,tile,1,
brick,plate warmer,3,
brick,light a matchstick,2,
brick,building blocks for children,1,
brick,make bread,2,
brick,printer stand,2,
brick,drill holes for candle holder,3,
brick,countertop,2,
brick,build wall,1,
brick,outline,2,
brick,jewelry base,3,
brick,guitar pick,3,
brick,build house,1,
brick,natural insulation,2,
brick,table leg,1.5,
brick,hold in place,1,
brick,scare animals,2,
brick,art supply,2,
brick,franchise,2,
brick,paint swatches,3,
brick,chamber,1,
brick,weight for balance scale,2,
brick,art work paint,2,
brick,build houses,1,
brick,make roof,1,
brick,mosaic,2,
brick,brake,1,
brick,monument,1,
brick,heatresistant trivet,3,
brick,shoes,2,
brick,scale base,2,
brick,campfire surround,2,
brick,smash window,1,
brick,paving paths,1,
brick,throw in water,1.4,
brick,fireplace support,1,
brick,lay,1,
brick,museum,2,
brick,bowling game,2,
brick,window sill decoration,2,
brick,bbq smoker,2,
brick,jack,2,
brick,decorative plant pot,2,
brick,love,1.4,
brick,balloon anchor,2,
brick,stick photo put cupboard,2,
brick,make furniture,2,
brick,brickwork,1,
brick,demarcation,1,
brick,sharpen wood,2,
brick,stepping stones,1,
brick,retainingwall,1,
brick,knock over for fun,1.4,
brick,shield,2,
brick,shed base,1,
brick,barbeque,2,
brick,toss game,2,
brick,decoration in aquarium,3,
brick,breaking bones,1,
brick,coaster for plant,2,
brick,stepladder,1.7,
brick,vase,2,
brick,increase table,1.7,
brick,elevation stage,1,
brick,drawing scratches,2,
brick,ramp wheelchair,1.7,
brick,fire,1,
brick,nightstand,2,
brick,scaffolding,1,
brick,toss,1,
brick,stone sculpting,2,
brick,test weight with helium balloon,3,
brick,slang,1,
brick,build closet,1,
brick,projectile,1,
brick,garbage,1,
brick,grit for path,1,
brick,puzzlepiece,3,
brick,domino,2,
brick,patio seating,1,
brick,paste photos,3,
brick,outdoor game weight,2,
brick,build kitchen,1,
brick,temporary car stand,1.5,
brick,symbol,2,
brick,coffee table base,2,
brick,write poem,2,
brick,board game,3,
brick,toy,1.4,
brick,adverb,3,
brick,repurpose paperweight,1,
brick,indoor planter,2,
brick,painting stencil,3,
brick,façade material,1,
brick,road obstacle,1,
brick,street tile,1,
brick,decorative,1,
brick,make floor,1,
brick,patio paver,1,
brick,oven pizza baking,2,
brick,campfire pit border,1.5,
brick,clamps,2,
brick,target,2,
brick,running weights,1.5,
brick,fence post,1,
brick,grill,2,
brick,rustic trivet,3,
brick,make ground firmer,1,
brick,stirring spoon for utensils,3,
brick,fireplace brickwork,1,
brick,hammer tough jobs,2,
brick,cupboard,2,
brick,make coast,1,
brick,writing,2,
brick,hidden key holder,3,
brick,gift as joke,2,
brick,scratch bark,2,
brick,mason,1,
brick,ballast hot air balloon,3,
brick,mosaic art,2,
brick,planters,1.7,
brick,swimming pool,2,
brick,water conservation tool,3,
brick,shoe sole,2,
brick,decorative accent piece,2,
brick,"seesaw, weight balance",2,
brick,letterorganizer,3,
brick,building fireplace,1,
brick,throwing competition game,2,
brick,paper mache base,2,
brick,straw,2,
brick,engrave letters,2,
brick,destroy car,1,
brick,house,1,
brick,oven pizza stone,2,
brick,make square,1,
brick,close,1,
brick,shelter for hedgehog,3,
brick,table top,1.7,
brick,arrow target,2,
brick,cold frame plants,2,
brick,rebrand and sell,2,
brick,furniture leveler,1.5,
brick,apartment,1,
brick,paper letter organizer,3,
brick,clay,1,
brick,throw from window,1,
brick,throw at police,1,
brick,threaten,1,
brick,chop wood,2,
brick,build tower,1,
brick,hurt,1,
brick,demolish window,1,
brick,furniture base,1,
brick,window defense,1,
brick,make bank,1,
brick,quirky sculpture material,2,
brick,wall garden,1,
brick,strap as shoe,2,
brick,fuel,2,
brick,road construction material,1,
brick,pattern,1,
brick,paperweight,1,
brick,fry egg,3,
brick,whiteboard,3,
brick,outdoor patio,1,
brick,raised bed edging,1,
brick,obstacle to stumble over,1,
brick,donate,1,
brick,herb garden,2,
brick,leave door open blow closed,2,
brick,decoration piece,1,
brick,build hut,1,
brick,coloring block,2,
brick,toast,3,
brick,balance practice,2,
brick,garden border,1,
brick,balcony sunshade holder,3,
brick,building materials,1,
brick,shed,1,
brick,bench,1,
brick,peace,1,
brick,memorial,1,
brick,tenderizing meat,3,
brick,desk,1.7,
brick,make street,1,
brick,bridge construction,1,
brick,weight exercising,1,
brick,make basket,1.4,
brick,tabletop game token,3,
brick,cold compress,3,
brick,wisdom,2,
brick,hang wall shelf,2,
brick,sink treasure in water,2,
brick,driftwood substitute,3,
brick,decorative vase,3,
brick,hang on door to injure burglar ,1.5,
brick,earrings,3,
brick,surfboard,3,
brick,fire pit building,1,
brick,chicken coop,2,
brick,cuddle,1.4,
brick,border edging,1,
brick,trivet,2,
brick,zoom in and take pictures,3,
brick,hip exercise weight,2,
brick,historical record,3,
brick,meditation object,3,
brick,canvas painting,3,
brick,hollow,2,
brick,weights training,1,
brick,incense holder,3,
brick,leveling uneven furniture,1.5,
brick,pan coaster,2,
brick,weed barrier,1,
brick,wall art,2,
brick,street,1,
brick,mortar pestle,3,
brick,toilet component,2,
brick,barbeque grill,2,
brick,tennis,1,
brick,patching wall,1,
brick,defensive weapon,1,
brick,reinforce soil,1,
brick,paint stamp art,3,
brick,get car out of mud,1,
brick,hourglass,3,
brick,grind into red dye,3,
brick,build fort,1,
brick,oven,2,
brick,hazelnut,1.4,
brick,straighten sofa,2,
brick,stair,1,
brick,base candles,3,
brick,fireplace mantle,1,
brick,demolish plate,1,
brick,butter knife,3,
brick,leveling agent furniture,2,
brick,part wall,1,
brick,builder,1,
brick,play sports,1,
brick,plantpot,2,
brick,cement,1,
brick,building igloo,1,
brick,paper toy,3,
brick,plant marker,2,
brick,window safety,1,
brick,verb,1,
brick,block,1,
brick,personify,2,
brick,glass breaker,2,
brick,sand/gravel,1,
brick,selfdefense tool,1,
brick,improvised hammer,2,
brick,soap dish,3,
brick,red paint,2,
brick,make seating,1.5,
brick,knock,1,
brick,message engraver,3,
brick,skate trick,2,
brick,flower boxes,2,
brick,cold compressor,3,
brick,interjection,1,
brick,physics experiment to measure speed,3,
brick,making garage box,1,
brick,table leg raise,2,
brick,crush into scrub,2,
brick,steampunk sculpture,3,
brick,remove calluses foot,2,
brick,camping oven,3,
brick,construction worker,1,
brick,sculpture medium,2,
brick,silver,1,
brick,footstool,2,
brick,pulley balance weight,2,
brick,fish tank decoration,3,
brick,cellphone case,2,
brick,rustic decor,2,
brick,elevation stand,1,
brick,bread,1.4,
brick,unique art medium,2,
brick,close hole roof,1,
brick,brickyard,1,
brick,build restaurant,1,
brick,calendar,3,
brick,kill or injure,1,
brick,demolish,1,
brick,smash to pieces,1,
brick,grill elevator,2,
brick,art sculpture,2,
brick,calculate distance,2,
brick,build barbecue,1,
brick,brickandmortar hospital,1,
brick,make decorative planters,2,
brick,insulation,2,
brick,goalpost,2,
brick,making shed,1,
brick,slang stupid,1,
brick,kiln,2,
brick,leveling furniture,1.5,
brick,cuddling,3,
brick,distort,2,
brick,building barbecue table,1,
brick,"draw, decoration",2,
brick,sculptures,2,
brick,homemade coasters,2,
brick,smash into stones,1,
brick,book stop,1,
brick,hang,1,
brick,cold compress holder,3,
brick,art installations,2,
brick,building walls,1,
brick,wiping feet,2,
brick,make makeup,3,
brick,raised garden bed,1,
brick,building ruin props,1,
brick,air,1,
brick,"heat oven, warm bake stone",2,
brick,coffee table,2,
brick,emoji,2,
brick,flatten meat,3,
brick,flatten book,2,
brick,anchoring balloon bouquets,3,
brick,throw to get fruit from tree,2,
brick,house building,1,
brick,road segment,1,
brick,engrave,2,
brick,drawing,2,
brick,knock door,1,
brick,"divider, separation wall",1,
brick,door stopper,1,
brick,saw device,3,
brick,raised beds,1,
brick,make path,1,
brick,path,1,
brick,garden,1,
brick,papercutter,3,
brick,alternate uses experiment,1.4,
brick,drumming,2,
brick,build raised bed gardening,1,
brick,creating outdoor walkways,1,
brick,lay garden path,1,
brick,brickie,1,
brick,breaking ice,1,
brick,treadmill incline weight,2,
brick,create patio,1,
brick,heat retention cooking,3,
brick,making flower boxes,1.5,
brick,checkers game,3,
brick,shooting target,2,
brick,message board chalk,3,
brick,pizza oven,2,
brick,book stopper,1,
brick,mouse trap base,3,
brick,obstacle jump,1.7,
brick,weight for tent,1.5,
brick,break coconut,2,
brick,lay bricks,1,
brick,money holder,2,
brick,mobile home,1,
brick,kids craft,2,
brick,make slow motion video of smashing,2,
brick,candle holder base,3,
brick,grind cookies,3,
brick,pathway edging,1,
brick,fitness equipment,2,
brick,building construction material,1,
brick,support planters,1.5,
brick,hollow out into cup,3,
brick,benchseating area,1,
brick,drawer organizer,3,
brick,window sill,1,
brick,crush into gravel,2,
brick,lamp stand,2,
brick,brickandmortar museum,2,
brick,fireplace blocks,1,
brick,arts crafts,2,
brick,historical teaching aid,3,
brick,handle,2,
brick,serving tray,3,
brick,clock,2,
brick,smashing windows,1,
brick,wood,1.4,
brick,wall hook,2,
brick,printing press,3,
brick,thrown weapon,1,
brick,leak stopper,2,
brick,decorative elements,2,
brick,art project material,2,
brick,training weights,1.5,
brick,chain,1,
brick,lawn decoration,1.7,
brick,ball game,2,
brick,bricklined patio,1,
brick,crane,1,
brick,riots,1,
brick,plate/board,1.7,
brick,roller skates,3,
brick,weight for support,1,
brick,picnic table,2,
brick,fire pit border,1,
brick,component,2,
brick,furniture,1,
brick,roll down mountain,2,
brick,garden art,2,
brick,industry,1,
brick,making raised garden beds,1,
brick,wall cladding,1,
brick,papermaking mold,3,
brick,ammunition,2,
brick,collect,1,
brick,juggling,2,
brick,balance beam,2,
brick,workout weight,1.5,
brick,blocking door,1,
brick,flower pot stand,2,
brick,serving platter,3,
brick,make stool,1.5,
brick,sink,1,
brick,"separation, boundary wall",1,
brick,open beer bottle,2,
brick,make cupboard,2,
brick,drawing canvas,3,
brick,flower pot holder,2,
brick,landmark,1,
brick,birdhouse,2,
brick,break tiles make mosaic,1.7,
brick,sidewalk chalk,3,
brick,weight strength test,2,
brick,break tile,1,
brick,smudge pot stand,2,
brick,make barbecue oven,2,
brick,brickshaped ice cubes,3,
brick,keep seat occupied,1.5,
brick,make fire pit,1,
brick,paving material,1,
brick,barbecue base,2,
brick,arrange in circle,1,
brick,stability weight tent,1.7,
brick,brickpatterned wallpaper,2,
brick,campfire,2,
brick,sand paper,3,
brick,sidewalk tiles,1,
brick,garden shed,1,
brick,weights exercise,1,
brick,mug,1.4,
brick,sky,1,
brick,rubix cube,3,
brick,barn,1,
brick,blockade,1,
brick,tower making competition game,3,
brick,throwing tool,1,
brick,elevation for furniture,1.7,
brick,steampunk art,3,
brick,"level, alignment",1,
brick,storage rack,2,
brick,side table,2,
brick,walls,1,
brick,pen holder carving,2,
brick,elevated plant stand,2,
brick,smashing coconuts,2,
brick,pet house,2,
brick,make noises,2,
brick,make stairs,1,
brick,steampunk clock,3,
brick,red colour,1,
brick,campfire protection,1.5,
brick,outdoor heater base,2,
brick,buildings,1,
brick,save,1,
brick,chess set,3,
brick,"chop into stones, art",2,
brick,propping furniture,1,
brick,grindstone,2,
brick,modular home,1,
brick,butter,1.4,
brick,fake book,3,
brick,greenhouse base,2,
brick,bookkeepers,2,
brick,brickbat,1,
brick,home,1,
brick,furniture leg,1,
brick,archway,1,
brick,seating,1,
brick,outdoor game marker,2,
brick,aquarium scape,3,
brick,steppingstone,1,
brick,street paving,1,
brick,red color,1,
brick,stress relief,2,
brick,put in backpack,1,
brick,brickabrac,1.4,
brick,weight support for mirror,2,
brick,break pot,1,
brick,shelf supports,1.5,
brick,computer part,3,
brick,garden ornament,1,
brick,tunnel,1,
brick,alarm clock,3,
brick,restaurant,1,
brick,villa,1,
brick,rock,1,
brick,exercise step stool,1.7,
brick,make flowerpot,2,
brick,grill station,2,
brick,roast meat,3,
brick,shoe,2,
brick,brick carrying competition game,2,
brick,wall decor,1,
brick,fishing weight,2,
brick,keyholder,2,
brick,flatten cookie batter,3,
brick,container,1.7,
brick,sandpiper shelter,2,
brick,increase something,1,
brick,aquaponics,3,
brick,room decoration,1,
brick,chess pieces,3,
brick,animal habitat,2.5,
brick,reinforcement,1,
brick,children craft toy,2,
brick,shelf divider,2,
brick,make pyramid,1,
brick,charcoal grill,2,
brick,wallpaper,2,
brick,water,1,
brick,food uk,1.4,
brick,reach something high,1,
brick,wall plank,1,
brick,doorstops,1,
brick,chop pieces,2,
brick,ear muffs,3,
brick,defense,1,
brick,unusual table centerpiece,2,
brick,building mini structures,1,
brick,modular construction,1,
brick,open beer can,2,
brick,audio speaker,3,
brick,stone barbecue grill,1.5,
brick,missile,2,
brick,heat diffuser cooking,3,
brick,balance training,2,
brick,heat wickjug,3,
brick,weight to keep magazine open,2,
brick,weight to sink in water,1,
brick,make heavier,1,
brick,window,1,
brick,garden stepping stones,1,
brick,break pieces,1,
brick,structural element sculptures,2,
brick,emergency hammer,2,
brick,napkin weight,2,
brick,oven plate,2,
brick,stage for insect concert,4,
brick,wine storage,3,
brick,instrument,2,
brick,anchor balloon,2,
brick,chalkboard background,3,
brick,grinding herbs,3,
brick,holder,2,
brick,laptop higher,2,
brick,hay,2,
brick,ping pong net,3,
brick,animal den,2,
brick,decorative pathway,1,
brick,chimneys,1,
brick,wind chime,3,
brick,desk organizer,3,
brick,parachute,3,
brick,gunshot,1.4,
brick,heat retainer bbq,2,
brick,closet,1,
brick,school buildings,1,
brick,modelling material,2,
brick,fireplace mantel,1,
brick,bricklayer,1,
brick,raised flower bed,1,
brick,hollow out into jewellery box,3,
brick,bunker,1,
brick,light fire bbq,1.7,
brick,accent landscaping,1,
brick,strength,1,
brick,tie on feet to make shoes,1.4,
brick,bench seat,1.5,
brick,steppers,1,
brick,straighten table,2,
brick,greenhouse support,2,
brick,jewellery,2,
brick,tabletop stabilizer,1.5,
brick,outdoor drink holder,3,
brick,boulevard,1,
brick,joke,2,
brick,leveling tool,1,
brick,domino stone,2,
brick,walls barriers,1,
brick,hockey puck,3,
brick,doorstopper,1,
brick,brickpatterned rug,2,
brick,mortar store,2,
brick,filing system,3,
brick,paper brickart,2,
brick,garden edging,1,
brick,architecture,1,
brick,meditation space,3,
brick,plant pot,2,
brick,emblem,3,
brick,window breaker,1,
brick,open doors,1,
brick,garden feature,1,
brick,make pieces,1,
brick,candle coaster,3,
brick,unit,1,
brick,beat,1,
brick,unusual photo prop,2,
brick,memory,2,
brick,paper art,2,
brick,leveling agent,1.5,
brick,chest,1,
brick,tent nails,2,
brick,send love letter by throwing,3,
brick,draw,2,
brick,decorate and throw gift,2,
brick,mobile phone support,2,
brick,fantasy friend,3,
brick,personify as tour guide,3,
brick,nutcracker,3,
brick,headgear,2,
brick,chain pendant,2,
brick,art project,2,
brick,building,1,
brick,outdoor,1,
brick,planter base,2,
brick,destroy fire alarm,2,
brick,unique chess piece,3,
brick,lightweight training tool,2,
brick,game piece,2,
brick,mailboxstand,1,
brick,sketching,2,
brick,garden furniture,1,
brick,windbreak,1.7,
brick,outdoor jenga set,3,
brick,unit stress,2,
brick,heat for frying,3,
brick,weighing,1,
brick,injure,1,
brick,durable,1,
brick,burst balloon,3,
brick,arrow,2,
brick,small table,2,
brick,start collection,2,
brick,throw car,1,
brick,increase ,1,
brick,garden pathway,1,
brick,smash and make mosaic,2,
brick,building houses,1,
brick,countertops,2,
brick,smashing piggy banks,2,
brick,make step,1,
brick,weights,1,
brick,weight against car drive,1,
brick,support,1,
brick,boat anchor,1,
brick,fake book decoration,2,
brick,hanging wall,1,
brick,table legs,1.7,
brick,light,1,
brick,pond,1,
brick,throw weapon,1,
brick,bowl,2,
brick,paint stamp,3,
brick,smash,1,
brick,protection,1,
brick,arch,1,
brick,massage,3,
brick,potting bench support,2,
brick,board/plate,2,
brick,walkway,1,
brick,build house ,1,
brick,ministry,2,
brick,"cover basket, lid weight",2,
brick,fake cake,3,
brick,scultpting,2,
brick,hearth,1,
brick,bad base,1,
brick,block mouse hole,2,
brick,weight against folding,1,
brick,wall for ants,1,
brick,truck,1,
brick,personify as baby,3,
brick,flat surface,1,
brick,road paving,1,
brick,heart,1,
brick,musical instrument,3,
brick,arched bridge,1,
brick,support to stay upright,1,
brick,crush into paint colour,3,
brick,papyrus,3,
brick,helmet,2,
brick,flower pot planterolineliner,2,
brick,stove,2,
brick,"applause, clapping",3,
brick,divider,1,
brick,step stool reach high,1,
brick,staircase design,1,
brick,book flattener,2,
brick,road barricade,1,
brick,weight,1,
brick,garden statue base,1.5,
brick,wheel chock,1.5,
brick,make hut,1,
brick,distraction,2,
brick,mosaic pattern,2,
brick,throw s head,1,
brick,mirror,3,
brick,impromptu table leveler,2,
brick,visual aid,2,
brick,mouse maze,3,
brick,flatten and dry flowers,2,
brick,well,1,
brick,square outline,1,
brick,football,1.7,
brick,throw ball game,1.4,
brick,cooking oven,2,
brick,animal toy,2,
brick,make fire,1,
brick,statue base,1,
brick,deform shoes,2,
brick,home made bbq,2,
brick,curtain weight,1,
brick,smashing window,1,
brick,brickred autumn leaves,3,
brick,animal cave,2,
brick,lighthouse,2,
brick,mailboxsupport,1,
brick,candle holder,3,
brick,kitchen wall,1,
brick,demolish door handle,1,
brick,make art,2,
brick,flooring,1,
brick,grind into pebbles,2,
brick,brown colour,1,
brick,water feature base,2,
brick,anchor tent tarp,2,
brick,wear,1,
brick,paving street,1,
brick,stack papers blow away,2,
brick,juggling ball,2,
brick,laying streetgarden path,1,
brick,skin scrub ,3,
brick,soul,1,
brick,constructing walls,1,
brick,vase holder,2,
brick,karate weight,2,
brick,pizza oven decoration,2,
brick,weighing tarps,1.5,
brick,key hanger,2,
brick,smash windows,1,
brick,roman civilization,1,
brick,window stopper,1,
brick,kill wasp,2,
brick,crush into powder for art,3,
brick,build building,1,
brick,office,1,
brick,break and reassemble,2,
brick,heat reservoir,3,
brick,brickandmortar store,1,
brick,heating pack,3,
brick,homemade pizza stone,2,
brick,barricading door,1,
brick,hit,1,
brick,increase furniture,1,
brick,flower bed dividers,1.5,
brick,archeology,2,
brick,hospital,1.4,
brick,chalk board,3,
brick,ovens,1,
brick,scratch stones,2,
brick,bricklaying,1,
brick,photo prop,2,
brick,file nails,2,
brick,"separation, boundary",1,
brick,secondary school,1,
brick,pathway,1,
brick,headphone stand,3,
brick,damage or dent,1,
brick,build bed,1,
brick,accent tiles,2,
brick,throw window,1,
brick,part chimney,1,
brick,heat retainer cooking,2,
brick,picture frame holder,2,
brick,decorative garden feature,1.5,
brick,coaster holder,2,
brick,phone,1.4,
brick,make plant pot,1.7,
brick,balance plank,2,
brick,tile backsplash,1.5,
brick,building house,1,
brick,pathways,1,
brick,seat booster,1.7,
brick,write on,2,
brick,comb,3,
brick,make shapes,2,
brick,send note far by throwing,2,
brick,bullet shield,2,
brick,asphalt,1,
brick,impromptu stepstool,1.7,
brick,stone baking,2,
brick,compare length,1,
brick,drink chiller,3,
brick,oven dish,3,
brick,decorative lamp base,2,
brick,base for plant,2,
brick,mugstand,2,
brick,unique canvas painting,3,
brick,weight for child,1,
brick,metaphor for strength,2,
brick,pressing tofu,3,
brick,chair,1,
brick,steampunk decor,2.5,
brick,create artwork,2,
brick,bed leg,1,
brick,make window,1,
brick,engineering lesson,2,
brick,balance on head,2,
brick,material architecture,1,
brick,wind proofing,1,
brick,make stronger,1,
brick,stairs,1,
brick,weight for piano pedal,2,
brick,temporary furniture leg support,2,
brick,painting,2,
brick,tricep extensions,2,
brick,mouse hole blocker,2,
brick,moon,1.4,
brick,building apartment,1,
brick,magnifying glass,3,
brick,flowerbed edging,1.5,
brick,powder into color,3,
brick,crush paper,2,
brick,fire pit base,1,
brick,improvised chalk,3,
brick,sieve,3,
brick,weight to dry flowers,2,
brick,compare weights,1.5,
brick,coasters,2,
brick,scrape ice windows,2,
brick,radiator,3,
brick,laptop,3,
brick,kill pests,2,
brick,border garden,1,
brick,paint artwork,2,
brick,slide,2,
brick,primitive nutcracker,3,
brick,rainwater collection,3,
brick,experiment with children,2,
brick,raise,1,
brick,window sill extender,2,
brick,part clock,3,
brick,steampunk,2,
brick,building building,1,
brick,sturdiness testing,1.7,
brick,screwdriver,3,
brick,pen stand,2,
brick,dial,2,
brick,building garage,1,
brick,foundation model buildings,1,
brick,pool tool,2,
brick,dry flowers,3,
brick,ice,2,
brick,flower pots,2,
brick,drainage layer plants,2,
brick,pavement material,1,
brick,tablebed legs,1.7,
brick,football rougher types,1,
brick,retaining walls,1,
brick,laptop increase,2,
brick,create work art,2,
brick,cements,1,
brick,kill snails,1,
brick,terrain tabletop gaming,3,
brick,patio border,1,
brick,drumstick,3,
brick,crush flowers,2,
brick,skates under feet,2,
brick,wall cabinet,2,
brick,firepit surround,1,
brick,territory demarcation,1,
brick,plant support,1.5,
brick,kill,1,
brick,hammer,1.7,
brick,build track,1,
brick,footstep,1,
brick,decorative path,1,
brick,temporary car wheel stop,1,
brick,makeshift step stool,1.7,
brick,window smasher,1,
brick,music stand,3,
brick,microphone,3,
brick,table leg leveler,2,
brick,gym bench,2,
brick,unit of measurement,2,
brick,book holder,2,
brick,patio flooring,1,
brick,demolish fence,1,
brick,snack to eat for guinness world record,3,
brick,hide mobile,2,
brick,draw angles,2,
brick,pile,1,
brick,historical marker,2,
brick,prayer altar,2.3,
brick,smash avocado,2,
brick,attach,1,
brick,retaining wall,1,
brick,houses,1,
brick,water path,1,
brick,terraced houses,1,
brick,jewelry stand,3,
brick,flycatcher,3,
brick,edging path,1,
brick,build swimming pool,1,
brick,planter box,2,
brick,monitor increase,2,
brick,paper game,3,
brick,make bigger,1,
brick,determine weight scale,3,
brick,smash wall,1,
brick,playing games,1.4,
brick,build bench seat,1,
brick,decorative garden wall,1,
brick,plantstand,2,
brick,decorative planter,2,
brick,potting bench,2,
brick,crack walnuts,2,
brick,decorative bookshelf filler,2,
brick,paper car,2,
brick,percussion instrument,3,
brick,sharpening knives,3,
brick,building block,1,
brick,make edge,1,
brick,bridge,1,
brick,fish tank decor,3,
brick,edging,1,
brick,large domino,3,
brick,stick,2,
brick,pavers,1,
brick,tie to make shoes,2,
brick,chimney lining,1,
brick,make fire pitbarbeque,1.5,
brick,sport weight,1.7,
brick,room separation,1,
brick,mouse deterrent,2,
brick,mailbox post,1,
brick,impromptu soap dish,3,
brick,tripod,2,
brick,shelving support,1.5,
brick,throwingclub,2,
brick,level table,1.5,
brick,time filler,1,
brick,throwing neighbor s window,1,
brick,base water feature,2,
brick,dumbbell weight,1.7,
brick,temporary car jack stand,2,
brick,build road,1,
brick,storage,2,
brick,weapon minecraft,2,
brick,whiteboard eraser,3,
brick,miniature planter,3,
brick,rollerstone,2,
brick,decorative accent,2,
brick,laptop stand,2,
brick,decorate,1,
brick,bricklined fireplace,1,
brick,shoe polish,3,
brick,pen holder,2,
brick,phone booth,1,
brick,fitness step,2,
brick,powder to make colour paint,3,
brick,children s toy,2,
brick,milk,1.4,
brick,sole shoe,2,
brick,build big,1,
brick,make doll,2,
brick,paint decoration,2,
brick,decorative shelf,2,
brick,proper name,2,
brick,stone wall,1,
brick,hot pad cooking,2,
brick,keep window open,1,
brick,decorative object,1,
brick,coaster hot pans,2,
brick,benches,1,
brick,take photo,2,
brick,material pottery,2,
brick,storage bins,2,
brick,weightlifting equipment,1.5,
brick,decorative wall art,1.5,
brick,color,1.4,
brick,chandelier,3,
brick,brickandmortar library,1,
brick,roof,1,
brick,wrecking ball,2,
brick,house number,1,
brick,sports weight,1.5,
brick,sharpen,2,
brick,make table,1.7,
brick,build jacuzzi,1,
brick,garden path,1,
brick,bulletproof shield,2,
brick,train station,1,
brick,paperweights,1,
brick,umbrella in rain,2,
brick,base potted plants,1.5,
brick,cutting board,3,
brick,dog kennel base,2,
brick,hide,2,
brick,close drain,1.7,
brick,massage tool,3,
brick,shelter animals,2,
brick,work art,2,
brick,fireplace decoration,1,
brick,melt to make new bricks,2,
brick,balloon weight,1.7,
brick,melt food,3,
brick,wheel stop,1,
brick,cut into pieces,2,
brick,break bones,1,
brick,spade,2,
brick,coin bank,3,
brick,pillars,1,
brick,aquaponics system,3,
brick,plate,2,
brick,gravel,1,
brick,coaster pans,3,
brick,extra weight bag,1,
brick,garden planter,1.5,
brick,trivet hot dishes,2,
brick,brickbybrick,1,
brick,plant,1,
brick,garden wall,1,
brick,game,2,
brick,currency,2,
brick,put around fire,1,
brick,hedge,1,
brick,papermachebase,2,
brick,smash flat,1,
brick,mattress,2,
brick,drown ,2,
brick,toothbrush,3,
brick,table base,1.5,
brick,bike rack,2,
brick,exchange ,1,
brick,masonry,1,
brick,letter storage,3,
brick,firm,1,
brick,tv holder,2,
brick,counterweight lever,2,
brick,quarrying,1,
brick,toys,2,
brick,patio,1,
brick,shot put weight throwing game,2,
brick,write,1,
brick,hair accessory diadem,3,
brick,improvised workout weight,1.5,
brick,library,1,
brick,construction material,1,
brick,make shed,1,
brick,fireplace surround,1,
brick,decorative garden border,1,
brick,foundation,1,
brick,straighten wobbly table,1.5,
brick,training weight,1,
brick,brickandmortar school,1,
brick,painted decor,2,
brick,planter,2,
brick,stand,1,
brick,decoration in nature,2,
brick,heat retention oven,3,
brick,make parkour for hamster,3,
brick,painting art work,2,
brick,improve balance,2,
brick,ecig vape stand,3,
brick,leveler,1.5,
brick,support bookshelf,1.5,
brick,tool break walls,1,
brick,sandpaper,3,
brick,name sign,2,
brick,pillar,1,
brick,murder,1,
brick,stamps,2,
brick,steampunk design,2.5,
brick,bulletproof vest insert,2,
brick,balancing,2,
brick,boarder of campfire,1.7,
brick,paint canvas weight,2,
brick,garden statue,1.7,
brick,build walls,1,
brick,paver,1,
brick,road,1,
brick,paint canvas,2,
brick,anchor tent,2,
brick,barbecue plate,2,
brick,destroy,1,
brick,needlepoint,3,
brick,paper support to write,2,
brick,fitness weight,1.5,
brick,dough flattener,2,
brick,meat tenderizer,3,
brick,tray,2,
brick,insulation for food,3,
brick,build great wall of china,1,
brick,miniature bench,2,
brick,weapon,1,
brick,computer,3,
brick,seat,1,
brick,art piece,2,
brick,create pizza oven,2,
brick,outdoor oven,2,
brick,measuring instrument,3,
brick,hug,1.4,
brick,puzzle game with broken pieces,3,
brick,play drums,2,
brick,refresher,2,
brick,constructing roads,1,
brick,photography prop,2,
brick,paintings,2,
brick,paper crafts,2,
brick,key holder,2,
brick,make fence,1,
brick,hair accessory,3,
brick,bench legs,1,
brick,miniature art canvas,3,
brick,jewelry organizer,3,
brick,concrete,1,
brick,outdoor chess pieces,3,
brick,drainage,1,
brick,googling and researching,1,
brick,header,1,
brick,incense burner,3,
brick,make fireplace,1,
brick,throw,1,
brick,house front,1,
brick,kill ant,2,
brick,flower planter,2,
brick,door,1,
brick,build cinema,1,
brick,skate ramp,2,
brick,colour,1.4,
brick,lay road,1,
brick,scrub skin,3,
brick,playing jenga,2,
brick,temple,1,
brick,make bathroom,1,
brick,weather forecast symbol,3,
brick,foundation sculptures,2,
brick,door holder,1,
brick,desktop decoration,2,
brick,climbing exercise,2,
brick,commemorative plaque,2,
brick,destroy something in anger,1,
brick,fill in hole,1,
brick,spread cement,1,
brick,create letternumber puzzle kids,3,
brick,bbq pit construction,1.5,
brick,scrapbook embellishment,3,
brick,sunshade,2,
brick,bookends,1.5,
brick,make garden border,1,
brick,paper puzzle,3,
brick,courage,1,
brick,sculpting,2,
brick,pestle grinding spices,3,
brick,flower bed,1,
brick,jewelry,2,
brick,building material,1,
brick,wall mural,2,
brick,talk to,1.4,
brick,hammer nail,2,
brick,sun,1,
brick,build pond garden,1,
brick,brickcovered flower pot,2,
brick,picture frame backing,2.5,
brick,magnets,3,
brick,homemade dumbbell,1.7,
brick,lamp base,2,
brick,buy,1,
brick,candle holders,3,
brick,support weight for vehicle,1,
brick,patios,1,
brick,build igloo,1,
brick,brickandmortar,1,
brick,picture frame,2,
brick,module,1,
brick,steppingstool,1,
brick,jewelry holder,3,
brick,toy children,1.4,
brick,fountain,2,
brick,table centerpiece,2,
brick,selfdefence weapon,1,
brick,tableleg,2,
brick,break computer,1,
brick,cold storage mass,2,
brick,base candle holder,3,
brick,rectangle mold,2,
brick,make pond,1,
brick,boredom experiment,2,
brick,miniature raised bed,3,
brick,break,1,
brick,canvas drawpaint,2,
brick,idiom,2,
brick,bulletproof vest,2,
brick,seat patio,1,
brick,letter carrier,2,
brick,bug habitat,3,
brick,time capsule container,3,
brick,create garden borders,1,
brick,brickandmortar university,1,
brick,makeshifttable,2,
brick,roughen surface,2,
brick,barricade,1,
brick,build bridge,1,
brick,play floor is lava game,2,
brick,unusual pet bed,3,
brick,laying streets,1,
brick,ornamental feature,2,
brick,weight exercise,1.5,
brick,phone stand,2,
brick,raise ,1,
brick,memento,2,
brick,coffee,1.4,
brick,build garden,1,
brick,catapult projectile,2,
brick,wind,1,
brick,anchor for boat,1,
brick,construct staircase,1,
brick,building bridges,1,
brick,nail files,3,
brick,selfdefense,1,
brick,laptop elevation,2,
brick,make oven,1.7,
brick,weight lift,1,
brick,weight fitness,1,
brick,demolish ,1,
brick,throw to tree,1,
brick,make bench,1,
brick,throwing,1,
brick,breaking windows,1,
brick,reach something,1,
brick,oven lining,2,
brick,outdoor heater,2,
brick,stand for height,1,
brick,baking tray,3,
brick,writing support,2,
brick,make lamp,2,
brick,tabletop trivet,2,
brick,photo backdrop,2,
brick,milestone,1,
brick,paint pallet,3,
brick,frost protection,2,
brick,laptop raise,2,
brick,flowerbed border,1.5,
brick,heat,2,
brick,hammer cracking nuts,2,
brick,factory,1,
brick,bed,1,
brick,playground equipment,1.7,
brick,sea,1,
brick,gardenborder,1,
brick,bbq counter,2,
brick,draw rectangle,2,
brick,blocks,1,
brick,building planter,1.5,
brick,commit murder,1,
brick,grind beautiful shape decoration,2,
brick,oven block,2,
brick,veneer,2,
brick,stress reliever,2,
brick,beehive construction support,2,
brick,impromptu selfdefense tool,1,
brick,grind gravel,2,
brick,diver tool,2,
brick,toy car,2,
brick,leak tighter,1.4,
brick,weight to prevent blowing away,1,
brick,renovate,1,
brick,bulletin board,2,
brick,pen,1.4,
brick,weight to close gate,1,
brick,bowling,1,
brick,test glue,2,
brick,base sculptures,2,
brick,jacket potato,3,
brick,makeshift hammer,2,
brick,sound effect,2,
brick,dry/flatten flowers between book,3,
brick,fortress,1,
brick,brickandmortar factory,1,
brick,ball in game,2,
brick,throw toy,1,
brick,destroy object,1,
brick,build bench,1,
brick,scratching to remove nail paint,3,
brick,architectural model,2,
brick,gruyere cheese wheel,4,
brick,brickandmortar synagogue,1,
brick,electrical insulator,3,
brick,diving,1,
brick,make bed frame,2,
brick,stare,1,
brick,perimeter barrier,1,
brick,brickandmortar stores,1,
brick,obstacle to trip over,1,
brick,tent anchor,1.5,
brick,mosaics,2,
brick,hunt,1.4,
brick,building school,1,
brick,church,1,
brick,name brand,2,
brick,tea,1.4,
brick,murder weapon,1,
brick,garden path edging,1,
brick,unconventional plant pot,2,
brick,forming barriers,1,
brick,stack tower,1,
brick,chop into pieces,2,
brick,pan,1,
brick,elevation seat,1.7,
brick,throw on floor,1,
brick,artisanal pizza stone,3,
brick,outdoor game piece,2,
brick,make red paint,2,
brick,use gravity and physics to measure tower height,3,
brick,heat source,2,
brick,component oven,2,
brick,wrecking ball to break,1,
brick,shape for bag,2,
brick,smokestack piece,2,
brick,building garden table,1,
brick,anger management tool,2,
brick,throw over car,1,
brick,make music,3,
brick,homemade smoker base,2,
brick,melt into glass,3,
brick,anchoring balloons,3,
brick,weight gym,1,
brick,paper,1,
brick,chip video games,3,
brick,shelf support,1.5,
brick,hair straightener,3,
brick,playground,1,
brick,brickthrowing protest,1,
brick,swing,1,
brick,outdoor seat,1,
brick,support telephone,2,
brick,tool,1,
brick,brickpaved patio,1,
brick,relay baton,3,
brick,take picture,2,
brick,technology,3,
brick,plant guard,1.5,
brick,jewelry hanger,3,
brick,gravel for garden,1,
brick,fake phone,3,
brick,build castle,1,
brick,cold pack,3,
brick,decorative garden pathway,1,
brick,artificial stone,1,
brick,raise water level,2,
brick,"trade, exchange",1,
brick,construction,1,
brick,mind,1,
brick,colour and paint,2,
brick,chasing police away,2,
brick,mailboxpost,1,
brick,powder maker,3,
brick,wall hanging,1,
brick,snowboard to go down hill,3,
brick,draw art,2,
brick,name tag,3,
brick,historical landmark,1,
brick,chessboard,3,
brick,flowerpot drainage layer,2,
brick,break chair,1,
brick,keyboard key,3,
brick,sink in water,2,
brick,birthday gift,3,
brick,currency lego world,3,
brick,making fireplaces,1,
brick,selfdefense weapon,1,
brick,beverage coaster,2,
brick,breaking window riot,1,
brick,steppers workout,2,
brick,build ladder,1,
brick,make streets,1,
brick,targets,2,
brick,hit make music,3,
brick,stacking competition,2,
brick,break skull,1,
brick,counterweight for pulley,2,
brick,outdoor lighting,2,
brick,play equipment,2,
brick,flood protection,1,
brick,bird bath base,2,
brick,pick lock,2,
brick,repair structures,1,
brick,making castles,1,
brick,pillow,2,
brick,can opener,3,
brick,drop on feet,1,
brick,build firepit,1,
brick,flush tank water conservation,3,
brick,smashing nuts,2,
brick,build high tower,1,
brick,book shelf,2,
brick,self defense,1,
brick,supporting arches,1,
brick,soundproofing,2,
brick,canvas,2,
brick,construction toy,2,
brick,furniture stabilizer,1,
brick,piñata,3,
brick,break teeth,1,
brick,paper kids,1,
brick,fake money,3,
brick,decorative garden accent,1.5,
brick,structural model building,1,
brick,baking,2,
brick,hand,1,
brick,stone,1,
brick,remove car mud putting behind wheel,2,
brick,facades,1,
brick,create wall,1,
brick,school,1,
brick,build chicken coop,1,
brick,bird bath,2,
brick,lego block,2,
brick,bottle opener,3,
brick,throw weights,1,
brick,sit,1,
brick,driveway marker,1,
brick,elevation,1,
brick,glass,1,
brick,drainage rock,2,
brick,obstacle training course,1.5,
brick,measurement standard,2,
brick,doll,1.4,
brick,build patio,1,
brick,metaphor,2,
brick,strength testing for phone,3,
brick,place around fire,1,
brick,raise table,1.5,
brick,level furniture,1.5,
brick,bbq grate,3,
brick,press paper,2,
brick,injure zombie,1.5,
brick,scrubbing tool,2,
brick,close hole,1,
brick,measure distance,2,
brick,sturdy candle holder,2,
brick,smashed mosaic tiles,2,
brick,throw through window,1,
brick,pizza oven base,2,
brick,weight support for caravan,1.7,
brick,lever,2,
brick,brickandmortar sports stadium,1,
brick,beanbag filler,3,
brick,campfire perimeter,2,
brick,pins,2,
brick,jewelry display,3,
brick,component computer,3,
brick,beehive stand,3,
brick,break ice,1,
brick,break open,1,
brick,art project base,2,
brick,painting surface,2,
brick,litter box liner,3,
brick,tabletop game piece,3,
brick,office desk organizer,3,
brick,platform to stand,1,
brick,"carve, write, draw",2,
brick,make sand,2,
brick,make fort,1,
brick,book stand,2,
brick,support table,1.5,
brick,increase laptop,2,
brick,calorie counter,3,
brick,weight for helium balloons,3,
brick,drainage potted plants,2,
brick,build stone path,1,
brick,outdoor firepit,1,
brick,penpencil holder,2,
brick,ice crusher,3,
brick,pool surround,1,
brick,papercraft,3,
brick,campfire boundary,1.5,
brick,papertype,1.4,
brick,outdoor furniture,1,
brick,make flower pot,2,
brick,bicep curls,2,
brick,send letter,1.4,
brick,herb garden marker,3,
brick,sand,1,
brick,oven heat regulator,3,
brick,curl,1.4,
brick,make hole in ice,2,
brick,dog house,1,
brick,bookkeeper,2,
brick,dartboard,3,
brick,tablet screen protector,3,
brick,sculpting making art,2,
brick,coal,2,
brick,water resistance,2,
brick,anchor,1,
brick,balance training tool,2,
brick,decoration,1,
brick,make glass,2,
brick,slang term,1,
brick,bread oven,2,
brick,patio furniture,1,
brick,make house,1,
brick,crush into sand,2,
brick,shirt,1,
brick,bench leg,1,
brick,word puzzle,3,
brick,hat,2,
brick,paper press,2,
brick,build church,1,
brick,build furnace,1,
brick,mailbox,1,
brick,laying motif,1,
brick,anchor pool cover,2,
brick,surprise,2,
brick,test gravity,1,
brick,oven floor,2,
brick,foundation outdoor structures,1,
brick,impact breaker,1,
brick,plant holders,1.5,
brick,break car window in emergency,1,
brick,exercise support,1,
brick,wind chime weight,3,
brick,arrange,1,
brick,kill rat,2,
brick,kitchen,1,
brick,writings,2,
brick,safety barrier,1,
brick,paper storage,2,
brick,headboard,2,
brick,vase filler,3,
brick,make sound and beats,2,
brick,clean snow sidewalk ,2,
brick,grinding wheel,3,
brick,decorative element,1.5,
brick,sponge,3,
brick,bookend,1,
brick,smartphone stand,3,
brick,make dominoes,2,
brick,paver alternative,1,
brick,hot stone massage,3,
brick,making chimney,1,
brick,break car window,1,
brick,fill ditch,1,
brick,build pool wall,1,
brick,outdoor xylophone,3,
brick,fish habitat,3,
brick,weight against wind for towel,2,
brick,blanket,2,
brick,chess piece,3,
brick,smash glass,1,
brick,brickred lipstick,3,
brick,make tower,1,
brick,fork,3,
brick,planters pots,2,
brick,bar,1,
brick,insulator,1.7,
brick,heater,2,
brick,currency symbol,3,
brick,steampunk accessory,3,
brick,paper lamp,3,
brick,children s toys,2,
brick,tap,1,
brick,anchoring tent tarp,1.5,
brick,award,2,
brick,hammer into gravel,2,
brick,street art,2,
brick,mobile stand,2,
brick,part phone,1.4,
brick,pan holder,2,
brick,water hose guide,3,
brick,knife,1.4,
